{"cameraMode":{"drawMode":0,"name":"Shaded","section":"Shading Mode"},"sceneLighting":false,"audioPlay":false,"sceneViewState":{"showFog":true,"showMaterialUpdate":true,"showSkybox":false,"showFlares":true,"showImageEffects":true,"showParticleSystems":true},"in2DMode":false,"pivot":{"x":-0.7054225206375122,"y":0.9063563346862793,"z":-0.11748862266540528},"rotation":{"x":0.08950304985046387,"y":-0.8973569273948669,"z":0.21390005946159364,"w":0.3754850924015045},"size":2.2254652976989748,"orthographic":false}