{"cameraMode":{"drawMode":0,"name":"Shaded","section":"Shading Mode"},"sceneLighting":false,"audioPlay":false,"sceneViewState":{"showFog":true,"showMaterialUpdate":true,"showSkybox":false,"showFlares":true,"showImageEffects":true,"showParticleSystems":true},"in2DMode":false,"pivot":{"x":-63.12999725341797,"y":15.84000015258789,"z":-1.5074238777160645},"rotation":{"x":-0.0404844731092453,"y":-0.01857553981244564,"z":0.0007572274189442396,"w":-0.9990587830543518},"size":10.701919555664063,"orthographic":true}