{"cameraMode":{"drawMode":0,"name":"Shaded","section":"Shading Mode"},"sceneLighting":true,"audioPlay":false,"sceneViewState":{"showFog":true,"showMaterialUpdate":true,"showSkybox":true,"showFlares":true,"showImageEffects":true,"showParticleSystems":true},"in2DMode":false,"pivot":{"x":-62.98543930053711,"y":16.52582550048828,"z":-1.1133956909179688},"rotation":{"x":-0.0015006095636636019,"y":0.0009092498803511262,"z":0.000004376830474939197,"w":-1.0000447034835816},"size":18.626731872558595,"orthographic":true}