{"cameraMode":{"drawMode":0,"name":"Shaded","section":"Shading Mode"},"sceneLighting":true,"audioPlay":false,"sceneViewState":{"showFog":true,"showMaterialUpdate":true,"showSkybox":true,"showFlares":true,"showImageEffects":true,"showParticleSystems":true},"in2DMode":false,"pivot":{"x":-15.710000038146973,"y":1.600000023841858,"z":0.0},"rotation":{"x":0.1834157109260559,"y":0.020642053335905076,"z":-0.0038519431836903097,"w":0.9828147888183594},"size":10.133495330810547,"orthographic":false}