{"cameraMode":{"drawMode":0,"name":"Shaded","section":"Shading Mode"},"sceneLighting":true,"audioPlay":false,"sceneViewState":{"showFog":true,"showMaterialUpdate":true,"showSkybox":true,"showFlares":true,"showImageEffects":true,"showParticleSystems":true},"in2DMode":false,"pivot":{"x":15.212606430053711,"y":30.030961990356447,"z":-28.226530075073243},"rotation":{"x":0.3109743595123291,"y":-0.03990193083882332,"z":0.013069532811641693,"w":0.9495126605033875},"size":60.030967712402347,"orthographic":true}