{"cameraMode":{"drawMode":0,"name":"Shaded","section":"Shading Mode"},"sceneLighting":true,"audioPlay":false,"sceneViewState":{"showFog":true,"showMaterialUpdate":true,"showSkybox":true,"showFlares":true,"showImageEffects":true,"showParticleSystems":true},"in2DMode":false,"pivot":{"x":-32.252586364746097,"y":29.97490882873535,"z":-18.771833419799806},"rotation":{"x":-0.1627691239118576,"y":-0.0124207753688097,"z":0.0020633763633668424,"w":-0.9866406917572022},"size":64.72280883789063,"orthographic":true}