{"cameraMode":{"drawMode":0,"name":"Shaded","section":"Shading Mode"},"sceneLighting":true,"audioPlay":false,"sceneViewState":{"showFog":true,"showMaterialUpdate":true,"showSkybox":true,"showFlares":true,"showImageEffects":true,"showParticleSystems":true},"in2DMode":false,"pivot":{"x":17.55971336364746,"y":27.998920440673829,"z":-6.160168647766113},"rotation":{"x":-0.019500158727169038,"y":-0.0035898329224437477,"z":0.00008522137795807794,"w":-0.9998582005500794},"size":154.89492797851563,"orthographic":true}