{"cameraMode":{"drawMode":0,"name":"Shaded","section":"Shading Mode"},"sceneLighting":true,"audioPlay":false,"sceneViewState":{"showFog":true,"showMaterialUpdate":true,"showSkybox":true,"showFlares":true,"showImageEffects":true,"showParticleSystems":true},"in2DMode":false,"pivot":{"x":-72.31340026855469,"y":18.625959396362306,"z":5.726025581359863},"rotation":{"x":0.019497688859701158,"y":-0.012587769888341427,"z":-0.0002469295577611774,"w":-0.9997633099555969},"size":26.45526695251465,"orthographic":true}