{"cameraMode":{"drawMode":0,"name":"Shaded","section":"Shading Mode"},"sceneLighting":true,"audioPlay":false,"sceneViewState":{"showFog":true,"showMaterialUpdate":true,"showSkybox":true,"showFlares":true,"showImageEffects":true,"showParticleSystems":true},"in2DMode":false,"pivot":{"x":0.4773745536804199,"y":31.117788314819337,"z":11.396875381469727},"rotation":{"x":0.12712274491786958,"y":0.02231566607952118,"z":-0.0028607985004782678,"w":0.9916324615478516},"size":108.27120208740235,"orthographic":true}