{"cameraMode":{"drawMode":0,"name":"Shaded","section":"Shading Mode"},"sceneLighting":false,"audioPlay":false,"sceneViewState":{"showFog":true,"showMaterialUpdate":true,"showSkybox":false,"showFlares":true,"showImageEffects":true,"showParticleSystems":true},"in2DMode":false,"pivot":{"x":-1.1299999952316285,"y":4.309999942779541,"z":0.0},"rotation":{"x":-0.32432281970977785,"y":0.009077618829905987,"z":-0.0031132465228438379,"w":-0.9459033608436585},"size":5.212819576263428,"orthographic":false}