{"cameraMode":{"drawMode":0,"name":"Shaded","section":"Shading Mode"},"sceneLighting":false,"audioPlay":false,"sceneViewState":{"showFog":true,"showMaterialUpdate":true,"showSkybox":false,"showFlares":true,"showImageEffects":true,"showParticleSystems":true},"in2DMode":false,"pivot":{"x":-4.400000095367432,"y":-0.3999999761581421,"z":1.0645465850830079},"rotation":{"x":0.05395824462175369,"y":0.02396272122859955,"z":-0.0012952442048117519,"w":0.9982549548149109},"size":2.8578836917877199,"orthographic":true}