{"cameraMode":{"drawMode":0,"name":"Shaded","section":"Shading Mode"},"sceneLighting":true,"audioPlay":false,"sceneViewState":{"showFog":true,"showMaterialUpdate":true,"showSkybox":true,"showFlares":true,"showImageEffects":true,"showParticleSystems":true},"in2DMode":false,"pivot":{"x":-73.8677978515625,"y":16.83454132080078,"z":1.912384271621704},"rotation":{"x":-0.017948755994439126,"y":0.07582773268222809,"z":-0.0013599557569250465,"w":-0.9970015287399292},"size":29.826269149780275,"orthographic":true}