{"cameraMode":{"drawMode":0,"name":"Shaded","section":"Shading Mode"},"sceneLighting":true,"audioPlay":false,"sceneViewState":{"showFog":true,"showMaterialUpdate":true,"showSkybox":true,"showFlares":true,"showImageEffects":true,"showParticleSystems":true},"in2DMode":false,"pivot":{"x":-17.151493072509767,"y":13.265607833862305,"z":1.0645465850830079},"rotation":{"x":0.05395824462175369,"y":0.02396272122859955,"z":-0.0012952442048117519,"w":0.9982549548149109},"size":17.38451385498047,"orthographic":true}