{"cameraMode":{"drawMode":0,"name":"Shaded","section":"Shading Mode"},"sceneLighting":true,"audioPlay":false,"sceneViewState":{"showFog":true,"showMaterialUpdate":true,"showSkybox":true,"showFlares":true,"showImageEffects":true,"showParticleSystems":true},"in2DMode":false,"pivot":{"x":19.523700714111329,"y":5.539628028869629,"z":-22.31832504272461},"rotation":{"x":0.21579009294509889,"y":-0.002928848145529628,"z":0.0006516256253235042,"w":0.9764413833618164},"size":187.85203552246095,"orthographic":false}