{"cameraMode":{"drawMode":0,"name":"Shaded","section":"Shading Mode"},"sceneLighting":true,"audioPlay":false,"sceneViewState":{"showFog":true,"showMaterialUpdate":true,"showSkybox":true,"showFlares":true,"showImageEffects":true,"showParticleSystems":true},"in2DMode":false,"pivot":{"x":31.29637336730957,"y":22.810617446899415,"z":9.571385383605957},"rotation":{"x":0.04647981375455856,"y":-0.01348532922565937,"z":0.0006318046944215894,"w":0.9988343119621277},"size":76.1826400756836,"orthographic":false}