{"cameraMode":{"drawMode":0,"name":"Shaded","section":"Shading Mode"},"sceneLighting":false,"audioPlay":false,"sceneViewState":{"showFog":true,"showMaterialUpdate":true,"showSkybox":false,"showFlares":true,"showImageEffects":true,"showParticleSystems":true},"in2DMode":false,"pivot":{"x":-10.025605201721192,"y":3.5699996948242189,"z":2.0023159980773927},"rotation":{"x":0.15148195624351502,"y":-0.1739799529314041,"z":0.027095852419734,"w":0.9726517200469971},"size":2.8578834533691408,"orthographic":false}