{"cameraMode":{"drawMode":0,"name":"Shaded","section":"Shading Mode"},"sceneLighting":false,"audioPlay":false,"sceneViewState":{"showFog":true,"showMaterialUpdate":true,"showSkybox":false,"showFlares":true,"showImageEffects":true,"showParticleSystems":true},"in2DMode":false,"pivot":{"x":-4.579999923706055,"y":-0.587890625,"z":1.0645465850830079},"rotation":{"x":0.05395824462175369,"y":0.02396272122859955,"z":-0.0012952442048117519,"w":0.9982549548149109},"size":2.5166399478912355,"orthographic":true}