{"cameraMode":{"drawMode":0,"name":"Shaded","section":"Shading Mode"},"sceneLighting":true,"audioPlay":false,"sceneViewState":{"showFog":true,"showMaterialUpdate":true,"showSkybox":true,"showFlares":true,"showImageEffects":true,"showParticleSystems":true},"in2DMode":false,"pivot":{"x":-12.346009254455567,"y":31.54465103149414,"z":-9.550017356872559},"rotation":{"x":0.10463783144950867,"y":0.05665595456957817,"z":-0.00597280403599143,"w":0.9928916096687317},"size":38.983489990234378,"orthographic":true}