{"cameraMode":{"drawMode":0,"name":"Shaded","section":"Shading Mode"},"sceneLighting":true,"audioPlay":false,"sceneViewState":{"showFog":true,"showMaterialUpdate":true,"showSkybox":true,"showFlares":true,"showImageEffects":true,"showParticleSystems":true},"in2DMode":false,"pivot":{"x":65.9000015258789,"y":29.200000762939454,"z":-0.3000001907348633},"rotation":{"x":-0.1627691239118576,"y":-0.0124207753688097,"z":0.0020633763633668424,"w":-0.9866406917572022},"size":96.20870208740235,"orthographic":true}