{"cameraMode":{"drawMode":0,"name":"Shaded","section":"Shading Mode"},"sceneLighting":false,"audioPlay":false,"sceneViewState":{"showFog":true,"showMaterialUpdate":true,"showSkybox":false,"showFlares":true,"showImageEffects":true,"showParticleSystems":true},"in2DMode":false,"pivot":{"x":-4.4487714767456059,"y":3.2799999713897707,"z":-3.3499999046325685},"rotation":{"x":0.22611753642559052,"y":-0.1526835858821869,"z":0.035910990089178088,"w":0.9613903164863586},"size":1.9578838348388672,"orthographic":false}