{"cameraMode":{"drawMode":0,"name":"Shaded","section":"Shading Mode"},"sceneLighting":false,"audioPlay":false,"sceneViewState":{"showFog":true,"showMaterialUpdate":true,"showSkybox":false,"showFlares":true,"showImageEffects":true,"showParticleSystems":true},"in2DMode":false,"pivot":{"x":6.380000114440918,"y":1.7799999713897706,"z":0.9783360958099365},"rotation":{"x":0.23234406113624574,"y":0.39955538511276247,"z":-0.105435810983181,"w":0.8804884552955627},"size":25.617013931274415,"orthographic":false}