{"cameraMode":{"drawMode":0,"name":"Shaded","section":"Shading Mode"},"sceneLighting":true,"audioPlay":false,"sceneViewState":{"showFog":true,"showMaterialUpdate":true,"showSkybox":true,"showFlares":true,"showImageEffects":true,"showParticleSystems":true},"in2DMode":false,"pivot":{"x":-18.239999771118165,"y":1.5753122568130494,"z":-0.0005776882171630859},"rotation":{"x":0.21579009294509889,"y":-0.002928848145529628,"z":0.0006516256253235042,"w":0.9764413833618164},"size":10.968145370483399,"orthographic":false}