{"cameraMode":{"drawMode":0,"name":"Shaded","section":"Shading Mode"},"sceneLighting":true,"audioPlay":false,"sceneViewState":{"showFog":true,"showMaterialUpdate":true,"showSkybox":true,"showFlares":true,"showImageEffects":true,"showParticleSystems":true},"in2DMode":false,"pivot":{"x":-16.760574340820314,"y":23.001066207885743,"z":6.000644683837891},"rotation":{"x":0.21724684536457063,"y":0.008785475045442582,"z":-0.0019509796984493733,"w":0.9760817885398865},"size":45.34465789794922,"orthographic":false}