{"cameraMode":{"drawMode":0,"name":"Shaded","section":"Shading Mode"},"sceneLighting":true,"audioPlay":false,"sceneViewState":{"showFog":true,"showMaterialUpdate":true,"showSkybox":true,"showFlares":true,"showImageEffects":true,"showParticleSystems":true},"in2DMode":false,"pivot":{"x":35.18647003173828,"y":2.2527759075164797,"z":9.483452796936036},"rotation":{"x":0.1834157109260559,"y":0.020642053335905076,"z":-0.0038519431836903097,"w":0.9828147888183594},"size":73.92328643798828,"orthographic":false}