{"cameraMode":{"drawMode":0,"name":"Shaded","section":"Shading Mode"},"sceneLighting":false,"audioPlay":false,"sceneViewState":{"showFog":true,"showMaterialUpdate":true,"showSkybox":false,"showFlares":true,"showImageEffects":true,"showParticleSystems":true},"in2DMode":false,"pivot":{"x":-9.45998477935791,"y":0.8799999952316284,"z":0.5899999141693115},"rotation":{"x":0.22611753642559052,"y":-0.1526835858821869,"z":0.035910990089178088,"w":0.9613903164863586},"size":3.157883644104004,"orthographic":false}