{"cameraMode":{"drawMode":0,"name":"Shaded","section":"Shading Mode"},"sceneLighting":false,"audioPlay":false,"sceneViewState":{"showFog":true,"showMaterialUpdate":true,"showSkybox":false,"showFlares":true,"showImageEffects":true,"showParticleSystems":true},"in2DMode":false,"pivot":{"x":-78.63998413085938,"y":21.592241287231447,"z":0.525898814201355},"rotation":{"x":0.0014989884803071619,"y":0.032403986901044849,"z":0.00005531172064365819,"w":-0.9995015263557434},"size":11.443084716796875,"orthographic":true}