{"cameraMode":{"drawMode":0,"name":"Shaded","section":"Shading Mode"},"sceneLighting":true,"audioPlay":false,"sceneViewState":{"showFog":true,"showMaterialUpdate":true,"showSkybox":true,"showFlares":true,"showImageEffects":true,"showParticleSystems":true},"in2DMode":false,"pivot":{"x":62.19999694824219,"y":16.11901092529297,"z":-0.3000001907348633},"rotation":{"x":0.21579009294509889,"y":-0.002928848145529628,"z":0.0006516256253235042,"w":0.9764413833618164},"size":23.580310821533204,"orthographic":false}