{"cameraMode":{"drawMode":0,"name":"Shaded","section":"Shading Mode"},"sceneLighting":true,"audioPlay":false,"sceneViewState":{"showFog":true,"showMaterialUpdate":true,"showSkybox":true,"showFlares":true,"showImageEffects":true,"showParticleSystems":true},"in2DMode":false,"pivot":{"x":80.29457092285156,"y":20.672039031982423,"z":-14.788069725036621},"rotation":{"x":-0.012000201269984246,"y":-0.00959012657403946,"z":0.0001306606864091009,"w":-0.9999372959136963},"size":22.174318313598634,"orthographic":true}