{"cameraMode":{"drawMode":0,"name":"Shaded","section":"Shading Mode"},"sceneLighting":true,"audioPlay":false,"sceneViewState":{"showFog":true,"showMaterialUpdate":true,"showSkybox":true,"showFlares":true,"showImageEffects":true,"showParticleSystems":true},"in2DMode":false,"pivot":{"x":25.267852783203126,"y":30.703125,"z":-4.787500381469727},"rotation":{"x":-0.019500158727169038,"y":-0.0035898329224437477,"z":0.00008522137795807794,"w":-0.9998582005500794},"size":92.56890106201172,"orthographic":true}