{"cameraMode":{"drawMode":0,"name":"Shaded","section":"Shading Mode"},"sceneLighting":true,"audioPlay":false,"sceneViewState":{"showFog":true,"showMaterialUpdate":true,"showSkybox":true,"showFlares":true,"showImageEffects":true,"showParticleSystems":true},"in2DMode":false,"pivot":{"x":15.09648609161377,"y":14.826952934265137,"z":-3.1891846656799318},"rotation":{"x":0.05395824462175369,"y":0.02396272122859955,"z":-0.0012952442048117519,"w":0.9982549548149109},"size":45.71639633178711,"orthographic":true}