{"cameraMode":{"drawMode":0,"name":"Shaded","section":"Shading Mode"},"sceneLighting":false,"audioPlay":false,"sceneViewState":{"showFog":true,"showMaterialUpdate":true,"showSkybox":false,"showFlares":true,"showImageEffects":true,"showParticleSystems":true},"in2DMode":false,"pivot":{"x":-83.80999755859375,"y":11.350000381469727,"z":-1.1175870895385743e-8},"rotation":{"x":0.019497688859701158,"y":-0.012587769888341427,"z":-0.0002469295577611774,"w":-0.9997633099555969},"size":16.50189781188965,"orthographic":true}