{"cameraMode":{"drawMode":0,"name":"Shaded","section":"Shading Mode"},"sceneLighting":true,"audioPlay":false,"sceneViewState":{"showFog":true,"showMaterialUpdate":true,"showSkybox":true,"showFlares":true,"showImageEffects":true,"showParticleSystems":true},"in2DMode":false,"pivot":{"x":-15.556999206542969,"y":13.970000267028809,"z":0.25},"rotation":{"x":0.05395824462175369,"y":0.02396272122859955,"z":-0.0012952442048117519,"w":0.9982549548149109},"size":60.71975326538086,"orthographic":true}