{"cameraMode":{"drawMode":0,"name":"Shaded","section":"Shading Mode"},"sceneLighting":true,"audioPlay":false,"sceneViewState":{"showFog":true,"showMaterialUpdate":true,"showSkybox":true,"showFlares":true,"showImageEffects":true,"showParticleSystems":true},"in2DMode":false,"pivot":{"x":14.755741119384766,"y":25.93124771118164,"z":-14.657197952270508},"rotation":{"x":0.1447405368089676,"y":0.05784914642572403,"z":-0.008473594672977925,"w":0.9877485632896423},"size":94.1646957397461,"orthographic":true}