{"cameraMode":{"drawMode":0,"name":"Shaded","section":"Shading Mode"},"sceneLighting":false,"audioPlay":false,"sceneViewState":{"showFog":true,"showMaterialUpdate":false,"showSkybox":false,"showFlares":true,"showImageEffects":true,"showParticleSystems":true},"in2DMode":false,"pivot":{"x":-18.5001163482666,"y":-0.05346870422363281,"z":-1.8760414123535157},"rotation":{"x":-0.2501811981201172,"y":0.21960614621639253,"z":-0.058390915393829349,"w":-0.9411894083023071},"size":46.39970016479492,"orthographic":false}