{"cameraMode":{"drawMode":0,"name":"Shaded","section":"Shading Mode"},"sceneLighting":false,"audioPlay":false,"sceneViewState":{"showFog":true,"showMaterialUpdate":false,"showSkybox":false,"showFlares":true,"showImageEffects":true,"showParticleSystems":true},"in2DMode":false,"pivot":{"x":-33.91400909423828,"y":-5.082012176513672,"z":128.66937255859376},"rotation":{"x":0.0713343396782875,"y":0.008976969867944718,"z":-0.0006420484278351069,"w":0.9974117279052734},"size":195.45372009277345,"orthographic":false}