{"cameraMode":{"drawMode":0,"name":"Shaded","section":"Shading Mode"},"sceneLighting":false,"audioPlay":false,"sceneViewState":{"showFog":true,"showMaterialUpdate":false,"showSkybox":false,"showFlares":true,"showImageEffects":true,"showParticleSystems":true},"in2DMode":false,"pivot":{"x":-18.337018966674806,"y":33.163360595703128,"z":-9.891236305236817},"rotation":{"x":-0.3469589054584503,"y":0.0033967625349760057,"z":-0.001184044755063951,"w":-0.9379299879074097},"size":5.920190334320068,"orthographic":false}