{"cameraMode":{"drawMode":0,"name":"Shaded","section":"Shading Mode"},"sceneLighting":false,"audioPlay":false,"sceneViewState":{"showFog":true,"showMaterialUpdate":false,"showSkybox":false,"showFlares":true,"showImageEffects":true,"showParticleSystems":true},"in2DMode":false,"pivot":{"x":12.983453750610352,"y":13.801616668701172,"z":-21.894432067871095},"rotation":{"x":-0.2461944818496704,"y":0.29296624660491946,"z":-0.07832590490579605,"w":-0.9205926656723023},"size":7.279984474182129,"orthographic":false}