{"cameraMode":{"drawMode":0,"name":"Shaded","section":"Shading Mode"},"sceneLighting":false,"audioPlay":false,"sceneViewState":{"showFog":true,"showMaterialUpdate":false,"showSkybox":false,"showFlares":true,"showImageEffects":true,"showParticleSystems":true},"in2DMode":false,"pivot":{"x":-63.099998474121097,"y":21.94000244140625,"z":-1.5074231624603272},"rotation":{"x":-0.1454053819179535,"y":-0.2716623544692993,"z":0.04156052693724632,"w":-0.9504453539848328},"size":12.712188720703125,"orthographic":false}