{"cameraMode":{"drawMode":0,"name":"Shaded","section":"Shading Mode"},"sceneLighting":false,"audioPlay":false,"sceneViewState":{"showFog":true,"showMaterialUpdate":false,"showSkybox":false,"showFlares":true,"showImageEffects":true,"showParticleSystems":true},"in2DMode":false,"pivot":{"x":10.850788116455079,"y":10.501336097717286,"z":13.089397430419922},"rotation":{"x":0.14945897459983827,"y":0.06343861669301987,"z":-0.00950275082141161,"w":0.9867978096008301},"size":67.34048461914063,"orthographic":false}