{"cameraMode":{"drawMode":0,"name":"Shaded","section":"Shading Mode"},"sceneLighting":false,"audioPlay":false,"sceneViewState":{"showFog":true,"showMaterialUpdate":false,"showSkybox":false,"showFlares":true,"showImageEffects":true,"showParticleSystems":true},"in2DMode":false,"pivot":{"x":-41.301513671875,"y":19.80782699584961,"z":-17.625381469726564},"rotation":{"x":-0.09586458653211594,"y":0.07815242558717728,"z":-0.007549758534878492,"w":-0.9922977089881897},"size":12.832337379455567,"orthographic":false}