{"cameraMode":{"drawMode":0,"name":"Shaded","section":"Shading Mode"},"sceneLighting":false,"audioPlay":false,"sceneViewState":{"showFog":true,"showMaterialUpdate":false,"showSkybox":false,"showFlares":true,"showImageEffects":true,"showParticleSystems":true},"in2DMode":false,"pivot":{"x":-2.019998550415039,"y":7.309999942779541,"z":7.063915252685547},"rotation":{"x":-0.012149951420724392,"y":0.16038934886455537,"z":-0.0019744327291846277,"w":-0.9869773983955383},"size":141.6671905517578,"orthographic":false}