{"cameraMode":{"drawMode":0,"name":"Shaded","section":"Shading Mode"},"sceneLighting":false,"audioPlay":false,"sceneViewState":{"showFog":true,"showMaterialUpdate":false,"showSkybox":false,"showFlares":true,"showImageEffects":true,"showParticleSystems":true},"in2DMode":false,"pivot":{"x":-8.633429527282715,"y":1.087695837020874,"z":-0.12613987922668458},"rotation":{"x":0.2392304241657257,"y":-0.11502909660339356,"z":0.028681382536888124,"w":0.9638166427612305},"size":2.8578836917877199,"orthographic":false}