{"cameraMode":{"drawMode":0,"name":"Shaded","section":"Shading Mode"},"sceneLighting":false,"audioPlay":false,"sceneViewState":{"showFog":true,"showMaterialUpdate":false,"showSkybox":false,"showFlares":true,"showImageEffects":true,"showParticleSystems":true},"in2DMode":false,"pivot":{"x":6.454458713531494,"y":14.747255325317383,"z":-2.5104362964630129},"rotation":{"x":-0.10204402357339859,"y":-0.041175004094839099,"z":0.00422730902209878,"w":-0.9939207434654236},"size":82.7186050415039,"orthographic":false}