{"cameraMode":{"drawMode":0,"name":"Shaded","section":"Shading Mode"},"sceneLighting":false,"audioPlay":false,"sceneViewState":{"showFog":true,"showMaterialUpdate":false,"showSkybox":false,"showFlares":true,"showImageEffects":true,"showParticleSystems":true},"in2DMode":false,"pivot":{"x":101.07835388183594,"y":12.723861694335938,"z":2.132105827331543},"rotation":{"x":0.14945897459983827,"y":0.06343861669301987,"z":-0.00950275082141161,"w":0.9867978096008301},"size":46.383705139160159,"orthographic":false}