{"cameraMode":{"drawMode":0,"name":"Shaded","section":"Shading Mode"},"sceneLighting":false,"audioPlay":false,"sceneViewState":{"showFog":true,"showMaterialUpdate":false,"showSkybox":false,"showFlares":true,"showImageEffects":true,"showParticleSystems":true},"in2DMode":false,"pivot":{"x":96.62801361083985,"y":50.02033996582031,"z":12.384949684143067},"rotation":{"x":0.021632036194205285,"y":-0.22247083485126496,"z":-0.004938461817800999,"w":-0.9746910333633423},"size":63.331790924072269,"orthographic":false}