{"cameraMode":{"drawMode":0,"name":"Shaded","section":"Shading Mode"},"sceneLighting":false,"audioPlay":false,"sceneViewState":{"showFog":true,"showMaterialUpdate":false,"showSkybox":false,"showFlares":true,"showImageEffects":true,"showParticleSystems":true},"in2DMode":false,"pivot":{"x":2.359191417694092,"y":0.6768629550933838,"z":0.35471630096435549},"rotation":{"x":-0.30127546191215517,"y":-0.1007373034954071,"z":0.032026149332523349,"w":-0.9476625919342041},"size":6.315767765045166,"orthographic":false}