{"cameraMode":{"drawMode":0,"name":"Shaded","section":"Shading Mode"},"sceneLighting":false,"audioPlay":false,"sceneViewState":{"showFog":true,"showMaterialUpdate":false,"showSkybox":false,"showFlares":true,"showImageEffects":true,"showParticleSystems":true},"in2DMode":false,"pivot":{"x":-17.514204025268556,"y":24.6485538482666,"z":-4.232505798339844},"rotation":{"x":-0.012149951420724392,"y":0.16038934886455537,"z":-0.0019744327291846277,"w":-0.9869773983955383},"size":51.842166900634769,"orthographic":false}