{"cameraMode":{"drawMode":0,"name":"Shaded","section":"Shading Mode"},"sceneLighting":false,"audioPlay":false,"sceneViewState":{"showFog":true,"showMaterialUpdate":false,"showSkybox":false,"showFlares":true,"showImageEffects":true,"showParticleSystems":true},"in2DMode":false,"pivot":{"x":105.26696014404297,"y":31.54367446899414,"z":25.7420654296875},"rotation":{"x":-0.0790988951921463,"y":-0.1246764212846756,"z":0.009971561841666699,"w":-0.9889893531799316},"size":277.3014831542969,"orthographic":false}