{"cameraMode":{"drawMode":0,"name":"Shaded","section":"Shading Mode"},"sceneLighting":false,"audioPlay":false,"sceneViewState":{"showFog":true,"showMaterialUpdate":false,"showSkybox":false,"showFlares":true,"showImageEffects":true,"showParticleSystems":true},"in2DMode":false,"pivot":{"x":-15.099998474121094,"y":5.96999979019165,"z":-0.0005776882171630859},"rotation":{"x":-0.18900087475776673,"y":-0.02684815414249897,"z":-0.005032884888350964,"w":0.9817155599594116},"size":11.532116889953614,"orthographic":false}