{"cameraMode":{"drawMode":0,"name":"Shaded","section":"Shading Mode"},"sceneLighting":false,"audioPlay":false,"sceneViewState":{"showFog":true,"showMaterialUpdate":false,"showSkybox":false,"showFlares":true,"showImageEffects":true,"showParticleSystems":true},"in2DMode":false,"pivot":{"x":-16.353723526000978,"y":1.2399942874908448,"z":-4.76837158203125e-7},"rotation":{"x":-0.09686866402626038,"y":-0.1259576976299286,"z":0.012359369546175003,"w":-0.9872190952301025},"size":17.227113723754884,"orthographic":false}