{"cameraMode":{"drawMode":0,"name":"Shaded","section":"Shading Mode"},"sceneLighting":false,"audioPlay":false,"sceneViewState":{"showFog":true,"showMaterialUpdate":false,"showSkybox":false,"showFlares":true,"showImageEffects":true,"showParticleSystems":true},"in2DMode":false,"pivot":{"x":-20.007192611694337,"y":-24.091224670410158,"z":-41.1585693359375},"rotation":{"x":0.12209401279687882,"y":-0.7725537419319153,"z":0.15651552379131318,"w":0.6033053994178772},"size":145.74412536621095,"orthographic":false}