{"cameraMode":{"drawMode":0,"name":"Shaded","section":"Shading Mode"},"sceneLighting":false,"audioPlay":false,"sceneViewState":{"showFog":true,"showMaterialUpdate":false,"showSkybox":false,"showFlares":true,"showImageEffects":true,"showParticleSystems":true},"in2DMode":false,"pivot":{"x":0.09674525260925293,"y":1.639399528503418,"z":1.1868011951446534},"rotation":{"x":0.008024398237466812,"y":0.9912163019180298,"z":-0.11078991740942002,"w":0.07179088890552521},"size":0.5373662710189819,"orthographic":false}