{"cameraMode":{"drawMode":0,"name":"Shaded","section":"Shading Mode"},"sceneLighting":false,"audioPlay":false,"sceneViewState":{"showFog":true,"showMaterialUpdate":false,"showSkybox":false,"showFlares":true,"showImageEffects":true,"showParticleSystems":true},"in2DMode":false,"pivot":{"x":55.58897399902344,"y":25.246307373046876,"z":11.646231651306153},"rotation":{"x":-0.11101766675710678,"y":0.03338276967406273,"z":-0.0037307050079107286,"w":-0.9932553768157959},"size":21.05951690673828,"orthographic":false}