{"cameraMode":{"drawMode":0,"name":"Shaded","section":"Shading Mode"},"sceneLighting":false,"audioPlay":false,"sceneViewState":{"showFog":true,"showMaterialUpdate":false,"showSkybox":false,"showFlares":true,"showImageEffects":true,"showParticleSystems":true},"in2DMode":false,"pivot":{"x":-34.79255676269531,"y":23.405237197875978,"z":4.121966361999512},"rotation":{"x":0.020638830959796907,"y":0.06952645629644394,"z":0.0014387867413461209,"w":-0.9973676800727844},"size":40.972591400146487,"orthographic":false}