{"cameraMode":{"drawMode":0,"name":"Shaded","section":"Shading Mode"},"sceneLighting":false,"audioPlay":false,"sceneViewState":{"showFog":true,"showMaterialUpdate":false,"showSkybox":false,"showFlares":true,"showImageEffects":true,"showParticleSystems":true},"in2DMode":false,"pivot":{"x":-22.39999771118164,"y":33.9453125,"z":-9.5367431640625e-7},"rotation":{"x":-0.07521020621061325,"y":0.027515128254890443,"z":-0.002076089382171631,"w":-0.9967909455299377},"size":48.102962493896487,"orthographic":true}