{"cameraMode":{"drawMode":0,"name":"Shaded","section":"Shading Mode"},"sceneLighting":false,"audioPlay":false,"sceneViewState":{"showFog":true,"showMaterialUpdate":false,"showSkybox":false,"showFlares":true,"showImageEffects":true,"showParticleSystems":true},"in2DMode":false,"pivot":{"x":98.32876586914063,"y":23.674633026123048,"z":1.7899999618530274},"rotation":{"x":-0.07521020621061325,"y":0.027515128254890443,"z":-0.002076089382171631,"w":-0.9967909455299377},"size":25.40581512451172,"orthographic":true}