{"cameraMode":{"drawMode":0,"name":"Shaded","section":"Shading Mode"},"sceneLighting":false,"audioPlay":false,"sceneViewState":{"showFog":true,"showMaterialUpdate":false,"showSkybox":false,"showFlares":true,"showImageEffects":true,"showParticleSystems":true},"in2DMode":false,"pivot":{"x":-9.843742370605469,"y":8.434603691101075,"z":-5.6838812828063969},"rotation":{"x":-0.07521020621061325,"y":0.027515128254890443,"z":-0.002076089382171631,"w":-0.9967909455299377},"size":7.607534408569336,"orthographic":true}