{"cameraMode":{"drawMode":0,"name":"Shaded","section":"Shading Mode"},"sceneLighting":false,"audioPlay":false,"sceneViewState":{"showFog":true,"showMaterialUpdate":false,"showSkybox":false,"showFlares":true,"showImageEffects":true,"showParticleSystems":true},"in2DMode":false,"pivot":{"x":-18.239999771118165,"y":1.5753122568130494,"z":-0.0005776882171630859},"rotation":{"x":-0.21514242887496949,"y":0.1449878066778183,"z":-0.032317157834768298,"w":-0.9652198553085327},"size":6.850931167602539,"orthographic":false}