{"cameraMode":{"drawMode":0,"name":"Shaded","section":"Shading Mode"},"sceneLighting":false,"audioPlay":false,"sceneViewState":{"showFog":true,"showMaterialUpdate":false,"showSkybox":false,"showFlares":true,"showImageEffects":true,"showParticleSystems":true},"in2DMode":false,"pivot":{"x":-22.458126068115236,"y":332.0565185546875,"z":160.25559997558595},"rotation":{"x":-0.03927105292677879,"y":0.038058698177337649,"z":-0.001496790791861713,"w":-0.9985026121139526},"size":454.23663330078127,"orthographic":false}