{"cameraMode":{"drawMode":0,"name":"Shaded","section":"Shading Mode"},"sceneLighting":false,"audioPlay":false,"sceneViewState":{"showFog":true,"showMaterialUpdate":false,"showSkybox":false,"showFlares":true,"showImageEffects":true,"showParticleSystems":true},"in2DMode":false,"pivot":{"x":97.95018768310547,"y":25.031314849853517,"z":10.771004676818848},"rotation":{"x":-0.04989170283079147,"y":0.17260737717151643,"z":0.00887457374483347,"w":0.9838107824325562},"size":14.556625366210938,"orthographic":false}